_ws.col.Time,_ws.col.Source,_ws.col.Destination,_ws.col.Protocol,_ws.col.Length,_ws.col.Info
"0.000000","172.18.0.2","54.38.73.16","TLSv1.2","611","Application Data"
"0.025868","54.38.73.16","172.18.0.2","TCP","68","21002 → 36876 [ACK] Seq=1 Ack=544 Win=1452 Len=0 TSval=2677747727 TSecr=1094394178"
"3.381094","193.111.115.210","172.18.0.2","TLSv1.2","611","Application Data"
"3.381140","172.18.0.2","193.111.115.210","TCP","68","49692 → 443 [ACK] Seq=1 Ack=544 Win=497 Len=0 TSval=2015544856 TSecr=1321538208"
"4.302260","54.38.73.16","172.18.0.2","TLSv1.2","611","Application Data"
"4.302314","172.18.0.2","54.38.73.16","TCP","68","36876 → 21002 [ACK] Seq=544 Ack=544 Win=5608 Len=0 TSval=1094398481 TSecr=2677748739"
"8.909477","193.111.115.210","172.18.0.2","TLSv1.2","611","Application Data"
"8.909500","172.18.0.2","193.111.115.210","TCP","68","49692 → 443 [ACK] Seq=1 Ack=1087 Win=493 Len=0 TSval=2015550385 TSecr=1321539635"
